Date and Time,Field,Temperature [℃],Humidity [RH%],Pressure [hPa],Altitude [m],VOC [kΩ]
2022-04-30 23:59:49,Stevinson Almond,10.9,83.27,1010.68,60.34,23.21
2022-04-30 23:46:05,Stevinson Almond,11.31,81.76,1010.74,59.92,20.17
2022-04-30 23:30:58,Stevinson Almond,11.61,78.53,1010.76,59.76,23.63
2022-04-30 23:16:59,Stevinson Almond,11.81,77.18,1010.81,59.26,22.39
2022-04-30 23:02:37,Stevinson Almond,11.96,76.2,1010.66,60.51,22.34
2022-04-30 22:47:30,Stevinson Almond,12.43,76.39,1010.67,60.51,25.56
2022-04-30 22:34:57,Stevinson Almond,12.87,72.68,1010.58,61.09,18.95
2022-04-30 22:19:08,Stevinson Almond,13.23,71.49,1010.53,61.59,22.54
2022-04-30 22:04:42,Stevinson Almond,13.94,69.16,1010.5,61.84,22.49
2022-04-30 21:50:39,Stevinson Almond,14.36,66.51,1010.5,61.84,21.56
2022-04-30 21:35:49,Stevinson Almond,15.02,65.05,1010.48,61.92,23.6
2022-04-30 21:21:58,Stevinson Almond,15.67,61.29,1010.4,62.67,22.02
2022-04-30 21:06:33,Stevinson Almond,16.18,59.17,1010.26,63.84,27.85
2022-04-30 20:52:33,Stevinson Almond,17.13,59.06,1010.04,65.76,26.6
2022-04-30 20:38:44,Stevinson Almond,17.52,60.2,1009.94,66.51,25.08
2022-04-30 20:23:26,Stevinson Almond,18.16,63.34,1009.88,66.93,29.13
2022-04-30 20:09:58,Stevinson Almond,18.69,62.35,1009.85,67.26,25.17
2022-04-30 19:54:17,Stevinson Almond,19.39,61.08,1009.8,67.76,31.07
2022-04-30 19:40:07,Stevinson Almond,20.25,58.37,1009.74,68.18,29.29
2022-04-30 19:25:29,Stevinson Almond,21.14,55.45,1009.71,68.43,31.16
2022-04-30 19:11:48,Stevinson Almond,21.78,52.95,1009.65,69.01,27.33
2022-04-30 18:57:09,Stevinson Almond,22.46,51.09,1009.69,68.6,28.02
2022-04-30 18:42:21,Stevinson Almond,23.2,49.35,1009.71,68.43,29.73
2022-04-30 18:27:53,Stevinson Almond,23.79,47.13,1009.69,68.6,30.2
2022-04-30 18:12:51,Stevinson Almond,24.35,46.28,1009.76,67.93,34.5
2022-04-30 17:59:21,Stevinson Almond,25.04,43.09,1009.89,67.01,28.06
2022-04-30 17:43:53,Stevinson Almond,25.99,38.63,1009.9,66.93,34.11
2022-04-30 17:30:15,Stevinson Almond,26.31,38.46,1009.83,67.43,28.09
2022-04-30 17:15:30,Stevinson Almond,26.7,36.77,1009.82,67.43,29.09
2022-04-30 17:00:33,Stevinson Almond,27.44,34.08,1009.98,66.18,32.14
2022-04-30 16:46:21,Stevinson Almond,27.73,33.43,1010.16,64.68,29.71
2022-04-30 16:31:25,Stevinson Almond,28.08,32.49,1010.27,63.67,32.39
2022-04-30 16:18:00,Stevinson Almond,28.33,31.84,1010.55,61.59,25.13
2022-04-30 16:03:14,Stevinson Almond,28.51,35.84,1010.66,60.51,24.33
2022-04-30 15:48:18,Stevinson Almond,28.79,36.53,1010.8,59.42,25.07
2022-04-30 15:33:44,Stevinson Almond,29.26,36.93,1010.94,58.09,24.66
2022-04-30 15:18:59,Stevinson Almond,29.74,36.98,1011.22,55.84,25.5
2022-04-30 15:05:39,Stevinson Almond,29.47,37.5,1011.43,54.09,19.32
2022-04-30 14:49:51,Stevinson Almond,30.16,35.24,1011.64,52.26,25.22
2022-04-30 14:35:43,Stevinson Almond,30.13,38.09,1011.81,50.93,21.85
2022-04-30 14:20:52,Stevinson Almond,30.23,36.21,1011.88,50.34,24.38
2022-04-30 14:06:45,Stevinson Almond,29.91,36.77,1012.16,48.09,21.79
2022-04-30 13:53:00,Stevinson Almond,30.38,37.31,1012.28,46.93,17.65
2022-04-30 13:37:55,Stevinson Almond,29.84,36.77,1012.55,44.93,20.17
2022-04-30 13:23:43,Stevinson Almond,29.73,37.58,1012.73,43.18,18.5
2022-04-30 13:08:16,Stevinson Almond,29.19,39.64,1012.96,41.44,23.5
2022-04-30 12:54:36,Stevinson Almond,29.49,36.96,1013.23,39.11,18.91
2022-04-30 12:25:33,Stevinson Almond,28.37,36.17,1013.72,35.2,18.86
2022-04-30 12:11:15,Stevinson Almond,29.54,35,1013.93,33.28,17.12
2022-04-30 11:55:52,Stevinson Almond,29.15,38.29,1014.14,31.62,19.81
2022-04-30 11:42:24,Stevinson Almond,28.74,38.22,1014.31,30.13,15.32
2022-04-30 11:26:51,Stevinson Almond,28.88,38.37,1014.39,29.54,18.25
2022-04-30 11:13:35,Stevinson Almond,28.2,38.74,1014.61,27.72,13.7
2022-04-30 10:58:13,Stevinson Almond,26.93,39,1014.76,26.47,15.12
2022-04-30 10:43:21,Stevinson Almond,26.75,39.32,1014.75,26.47,14.67
2022-04-30 10:29:21,Stevinson Almond,24.73,40.45,1014.65,27.3,11.6
2022-04-30 10:14:24,Stevinson Almond,23.71,44.47,1014.86,25.47,10.88
2022-04-30 09:59:46,Stevinson Almond,22.5,46.8,1014.99,24.56,10.53
2022-04-30 09:45:18,Stevinson Almond,21.71,48.8,1015.13,23.31,10.32
2022-04-30 09:31:33,Stevinson Almond,21.68,49.37,1015.16,23.06,8.86
2022-04-30 09:17:04,Stevinson Almond,22.32,48.83,1015.24,22.48,8.98
2022-04-30 09:02:22,Stevinson Almond,20.3,53.47,1015.24,22.4,10.34
2022-04-30 08:48:42,Stevinson Almond,17.51,62.47,1015.25,22.32,9.81
2022-04-30 08:32:59,Stevinson Almond,16.73,64.62,1015.18,22.9,13.06
2022-04-30 08:19:54,Stevinson Almond,15.48,69.51,1015.17,22.9,10.93
2022-04-30 08:04:10,Stevinson Almond,13.97,79.48,1015.09,23.65,15.54
2022-04-30 07:50:12,Stevinson Almond,12.39,81.34,1015.05,23.98,16.9
2022-04-30 07:35:37,Stevinson Almond,10.89,89.46,1015.05,23.98,19.51
2022-04-30 07:21:20,Stevinson Almond,9.79,89.3,1015.11,23.4,21.32
2022-04-30 07:07:22,Stevinson Almond,8.82,93.93,1014.91,25.06,21.79
2022-04-30 06:51:58,Stevinson Almond,8.54,93.78,1014.77,26.22,26.07
2022-04-30 06:38:54,Stevinson Almond,8.15,95.32,1014.69,26.89,21.67
2022-04-30 06:23:22,Stevinson Almond,7.85,95.93,1014.59,27.72,24.93
2022-04-30 06:08:57,Stevinson Almond,7.78,93.78,1014.48,28.63,24.82
2022-04-30 05:55:28,Stevinson Almond,7.85,94.4,1014.36,29.71,21.74
2022-04-30 05:39:53,Stevinson Almond,7.95,93.53,1014.44,29.05,25.43
2022-04-30 05:26:41,Stevinson Almond,8.02,93.92,1014.36,29.88,20.79
2022-04-30 05:11:03,Stevinson Almond,8.17,92.11,1014.4,29.3,24.44
2022-04-30 04:57:21,Stevinson Almond,8.46,92.29,1014.48,28.8,21.17
2022-04-30 04:43:47,Stevinson Almond,8.68,92.74,1014.55,28.21,19.16
2022-04-30 04:27:49,Stevinson Almond,8.51,93.4,1014.68,27.05,23.39
2022-04-30 04:13:49,Stevinson Almond,8.52,91.36,1014.41,29.38,21.58
2022-04-30 03:59:18,Stevinson Almond,8.79,90.34,1014.39,29.46,21.76
2022-04-30 03:46:02,Stevinson Almond,8.89,91.19,1014.45,28.88,18.91
2022-04-30 03:30:57,Stevinson Almond,8.9,91.23,1014.46,28.96,20.33
2022-04-30 03:15:59,Stevinson Almond,8.92,90.32,1014.4,29.46,22.11
2022-04-30 03:02:03,Stevinson Almond,8.93,89.89,1014.56,28.13,20.71
2022-04-30 02:46:50,Stevinson Almond,9.17,89.24,1014.57,28.05,23.94
2022-04-30 02:33:09,Stevinson Almond,9.06,91.45,1014.61,27.72,20.92
2022-04-30 02:18:00,Stevinson Almond,9.28,89.63,1014.7,26.89,23.71
2022-04-30 02:04:31,Stevinson Almond,9.49,88.86,1014.83,25.89,20.03
2022-04-30 01:50:29,Stevinson Almond,9.66,89.57,1014.8,26.05,18.71
2022-04-30 01:34:54,Stevinson Almond,9.9,89.62,1014.79,26.05,21.26
2022-04-30 01:21:10,Stevinson Almond,10.17,88.64,1014.79,26.14,18.41
2022-04-30 01:05:52,Stevinson Almond,10.73,86.53,1014.98,24.56,20.63
2022-04-30 00:53:08,Stevinson Almond,10.85,86.85,1014.98,24.56,15.86
2022-04-30 00:37:10,Stevinson Almond,11.01,83.79,1014.9,25.31,19.6
2022-04-30 00:22:36,Stevinson Almond,11.53,80.1,1014.76,26.47,20.92
2022-04-30 00:09:02,Stevinson Almond,11.77,79.43,1014.71,26.89,17.8
2022-04-29 23:53:43,Stevinson Almond,12.18,79.75,1014.62,27.38,20.15
2022-04-29 23:40:11,Stevinson Almond,12.76,79.06,1014.54,28.21,16.49
2022-04-29 23:25:20,Stevinson Almond,13.34,76.69,1014.39,29.46,17.39
2022-04-29 23:11:09,Stevinson Almond,13.41,67.03,1014.32,30.13,18.03
2022-04-29 22:56:44,Stevinson Almond,13.19,66.04,1014.43,29.21,18.21
2022-04-29 22:42:24,Stevinson Almond,13.26,74.27,1014.4,29.46,17.52
2022-04-29 22:27:58,Stevinson Almond,13.25,73.22,1014.43,29.13,17.82
2022-04-29 22:12:40,Stevinson Almond,13.7,75.62,1014.43,29.13,20.69
2022-04-29 21:59:19,Stevinson Almond,14.03,75.47,1014.37,29.54,17.02
2022-04-29 21:29:49,Stevinson Almond,14.56,66.39,1014.23,30.79,20.69
2022-04-29 21:16:26,Stevinson Almond,14.74,65.33,1014.12,31.62,18.64
2022-04-29 21:00:37,Stevinson Almond,15.12,65.91,1014.06,32.2,23.14
2022-04-29 20:46:50,Stevinson Almond,15.71,64.65,1014.04,32.29,20.27
2022-04-29 20:31:50,Stevinson Almond,16.55,58.99,1013.97,32.95,23.14
2022-04-29 20:18:32,Stevinson Almond,17.21,56.87,1013.83,34.03,19.39
2022-04-29 20:03:01,Stevinson Almond,17.99,55.82,1013.71,35.03,22.42
2022-04-29 19:48:15,Stevinson Almond,19.11,52.21,1013.74,34.78,24.37
2022-04-29 19:34:59,Stevinson Almond,20.19,48.14,1013.65,35.61,20.09
2022-04-29 19:19:17,Stevinson Almond,21.05,40.67,1013.71,35.2,26.31
2022-04-29 19:05:56,Stevinson Almond,22.15,35.83,1013.68,35.36,21.99
2022-04-29 18:50:20,Stevinson Almond,23.41,31.28,1013.78,34.62,27.49
2022-04-29 18:37:06,Stevinson Almond,24.24,26.92,1013.77,34.53,23.5
2022-04-29 18:22:52,Stevinson Almond,24.66,26.16,1013.85,34.03,22.51
2022-04-29 18:06:53,Stevinson Almond,24.93,24.73,1013.98,32.79,27.96
2022-04-29 17:52:52,Stevinson Almond,25.44,22.16,1014.04,32.45,25.5
2022-04-29 17:37:55,Stevinson Almond,26.39,21.27,1014.12,31.79,27.09
2022-04-29 17:25:14,Stevinson Almond,26.19,22.28,1014.2,31.12,20.45
2022-04-29 17:09:12,Stevinson Almond,26.63,24.16,1014.33,29.96,23.8
2022-04-29 16:55:10,Stevinson Almond,26.61,25,1014.4,29.38,21.45
2022-04-29 16:40:53,Stevinson Almond,26.41,27.49,1014.41,29.38,20.06
2022-04-29 16:25:42,Stevinson Almond,26.37,28.73,1014.52,28.38,22.25
2022-04-29 16:11:46,Stevinson Almond,26.53,28.01,1014.74,26.55,20.02
2022-04-29 15:56:27,Stevinson Almond,26.72,28.85,1015.06,24.06,23.66
2022-04-29 15:42:55,Stevinson Almond,26.41,27.15,1015.35,21.4,20.29
2022-04-29 15:27:40,Stevinson Almond,26.61,25.97,1015.54,19.91,22.71
2022-04-29 15:13:21,Stevinson Almond,26.99,24.47,1015.61,19.16,21.7
2022-04-29 14:59:00,Stevinson Almond,27.36,27.33,1015.83,17.5,20.15
2022-04-29 14:44:13,Stevinson Almond,27.48,28.36,1015.94,16.67,20.73
2022-04-29 14:30:54,Stevinson Almond,27.4,28.97,1016.22,14.43,17.08
2022-04-29 14:15:11,Stevinson Almond,26.97,29.4,1016.4,12.6,21.28
2022-04-29 14:01:58,Stevinson Almond,27.02,28.48,1016.58,11.28,17.57
2022-04-29 13:47:00,Stevinson Almond,26.33,29.9,1016.69,10.28,18.63
2022-04-29 13:31:30,Stevinson Almond,26.46,31.56,1016.93,8.29,22.02
2022-04-29 13:18:06,Stevinson Almond,26.2,30.59,1017.11,7.13,18.03
2022-04-29 13:02:31,Stevinson Almond,25.73,31.44,1017.33,4.97,22.18
2022-04-29 12:49:02,Stevinson Almond,25.47,33.97,1017.55,3.15,17.8
2022-04-29 12:33:32,Stevinson Almond,26.22,34.04,1017.73,1.82,21.97
2022-04-29 12:20:19,Stevinson Almond,26.01,33.33,1017.92,0.25,17.7
2022-04-29 12:05:53,Stevinson Almond,25.1,32.27,1018.17,-1.82,18.25
2022-04-29 11:50:04,Stevinson Almond,25.05,34.49,1018.29,-2.9,23.19
2022-04-29 11:21:06,Stevinson Almond,23.98,34.41,1018.54,-4.81,24.66
2022-04-29 11:07:37,Stevinson Almond,23.26,37.18,1018.65,-6.05,20.25
2022-04-29 10:52:10,Stevinson Almond,22.84,37.4,1018.61,-5.55,25.27
2022-04-29 10:38:39,Stevinson Almond,22.42,38.8,1018.56,-5.14,21.36
2022-04-29 10:23:46,Stevinson Almond,20.63,42.44,1018.6,-5.55,23.24
2022-04-29 10:08:54,Stevinson Almond,20.24,45.5,1018.63,-5.8,24.79
2022-04-29 09:55:28,Stevinson Almond,19.48,49.89,1018.7,-6.38,20.25
2022-04-29 09:39:58,Stevinson Almond,18.84,49.97,1018.68,-6.13,24.44
2022-04-29 09:26:27,Stevinson Almond,18.68,50.64,1018.75,-6.71,19.88
2022-04-29 09:11:17,Stevinson Almond,18.41,51.48,1018.71,-6.3,21.17
2022-04-29 08:56:57,Stevinson Almond,16.99,56.08,1018.68,-6.05,19.37
2022-04-29 08:43:35,Stevinson Almond,15.69,58.14,1018.58,-5.3,14.91
2022-04-29 08:27:41,Stevinson Almond,14.7,65.53,1018.5,-4.64,17.88
2022-04-29 08:14:35,Stevinson Almond,13.27,74.08,1018.46,-4.23,15.41
2022-04-29 07:59:12,Stevinson Almond,12.05,79.92,1018.33,-3.4,19.79
2022-04-29 07:45:31,Stevinson Almond,10.83,86.13,1018.29,-2.9,20.75
2022-04-29 07:30:56,Stevinson Almond,9.48,94.37,1018.15,-1.82,23.77
2022-04-29 07:15:39,Stevinson Almond,8.47,95.97,1018.04,-0.83,29.03
2022-04-29 07:02:05,Stevinson Almond,7.44,97.75,1017.79,1.24,27.06
2022-04-29 06:46:35,Stevinson Almond,6.73,96.07,1017.68,2.15,32.44
2022-04-29 06:33:04,Stevinson Almond,6.19,95.93,1017.67,2.32,29.03
2022-04-29 06:17:46,Stevinson Almond,6.18,94.6,1017.64,2.49,33.16
2022-04-29 06:03:43,Stevinson Almond,6.2,94.89,1017.56,3.15,30.73
2022-04-29 05:49:51,Stevinson Almond,6.15,94.66,1017.48,3.81,28.21
2022-04-29 05:34:32,Stevinson Almond,6.41,93.12,1017.3,5.31,31.61
2022-04-29 05:21:24,Stevinson Almond,6.51,93.81,1017.16,6.55,26.53
2022-04-29 05:05:41,Stevinson Almond,6.84,92.76,1017.27,5.55,31.35
2022-04-29 04:52:33,Stevinson Almond,6.99,93.98,1017.32,5.14,25.81
2022-04-29 04:37:42,Stevinson Almond,6.96,94.71,1017.28,5.47,27.34
2022-04-29 04:23:10,Stevinson Almond,6.97,93.76,1017.15,6.47,28.28
2022-04-29 04:09:15,Stevinson Almond,6.98,94.01,1017.09,6.96,26.85
2022-04-29 03:53:37,Stevinson Almond,7.29,92.72,1016.92,8.46,31.8
2022-04-29 03:40:46,Stevinson Almond,7.29,94.02,1016.8,9.45,25.6
2022-04-29 03:25:19,Stevinson Almond,7.27,92.97,1016.81,9.37,28.81
2022-04-29 03:11:05,Stevinson Almond,7.46,92.02,1016.94,8.37,27.94
2022-04-29 02:57:05,Stevinson Almond,7.66,92.56,1016.9,8.62,26.4
2022-04-29 02:41:33,Stevinson Almond,7.88,91.3,1017.01,7.79,30.78
2022-04-29 02:28:22,Stevinson Almond,7.94,92.15,1017.02,7.63,25.59
2022-04-29 02:12:42,Stevinson Almond,8.14,91.34,1016.97,8.04,30.22
2022-04-29 01:59:41,Stevinson Almond,8.49,90.14,1017.09,7.13,24.64
2022-04-29 01:44:24,Stevinson Almond,8.6,89.93,1017.03,7.54,27.25
2022-04-29 01:29:48,Stevinson Almond,8.76,89.19,1016.9,8.62,28.02
2022-04-29 01:16:02,Stevinson Almond,8.78,89.89,1016.87,8.87,25.5
2022-04-29 01:00:37,Stevinson Almond,9.01,88.33,1016.88,8.79,29.13
2022-04-29 00:47:16,Stevinson Almond,9.14,89.06,1016.85,9.04,24.51
2022-04-29 00:32:23,Stevinson Almond,9.21,89.43,1016.9,8.62,25.37
2022-04-29 00:17:34,Stevinson Almond,9.43,86.6,1016.92,8.46,26.87
2022-04-29 00:03:37,Stevinson Almond,9.75,86.08,1016.85,9.04,24.54
2022-04-28 23:48:29,Stevinson Almond,10.15,83.52,1016.71,10.28,27.69
2022-04-28 23:35:36,Stevinson Almond,10.02,84.22,1016.62,11.03,22.11
2022-04-28 23:19:38,Stevinson Almond,10.28,82.83,1016.66,10.61,27.45
2022-04-28 23:06:15,Stevinson Almond,10.46,83.58,1016.74,9.95,22.88
2022-04-28 22:50:48,Stevinson Almond,10.73,81.83,1016.56,11.36,27.22
2022-04-28 22:36:44,Stevinson Almond,10.9,82.47,1016.59,11.28,25.02
2022-04-28 22:22:47,Stevinson Almond,11.08,78.24,1016.66,10.7,23.77
2022-04-28 22:07:29,Stevinson Almond,11.64,74.7,1016.55,11.53,27.49
2022-04-28 21:55:16,Stevinson Almond,11.9,74.19,1016.44,12.52,20.63
2022-04-28 21:38:38,Stevinson Almond,12.37,70.27,1016.25,14.1,27.17
2022-04-28 21:24:44,Stevinson Almond,13.06,68.79,1016.01,15.92,23.87
2022-04-28 21:10:27,Stevinson Almond,13.54,64.66,1015.87,17.34,24.12
2022-04-28 20:55:23,Stevinson Almond,14.14,63.32,1015.67,19,26.83
2022-04-28 20:26:28,Stevinson Almond,15.35,57.22,1015.19,22.81,27.24
2022-04-28 20:13:05,Stevinson Almond,15.76,56.32,1015.06,23.98,23.29
2022-04-28 19:58:39,Stevinson Almond,16.39,54.09,1014.94,24.89,23.58
2022-04-28 19:43:38,Stevinson Almond,17.06,51.67,1014.83,25.81,26.07
2022-04-28 19:29:52,Stevinson Almond,17.69,49.2,1014.81,26.05,24.02
2022-04-28 19:14:11,Stevinson Almond,18.22,46.96,1014.74,26.55,29.13
2022-04-28 19:00:50,Stevinson Almond,18.77,44.84,1014.58,27.88,24.48
2022-04-28 18:45:16,Stevinson Almond,19.27,44.63,1014.54,28.3,28.83
2022-04-28 18:31:43,Stevinson Almond,19.99,43.19,1014.58,27.88,24.43
2022-04-28 18:18:06,Stevinson Almond,20.49,42.23,1014.5,28.46,21.92
2022-04-28 18:02:17,Stevinson Almond,20.99,39.57,1014.54,28.21,25.62
2022-04-28 17:47:54,Stevinson Almond,21.57,38.69,1014.61,27.63,24.7
2022-04-28 17:32:56,Stevinson Almond,22.32,37.55,1014.62,27.55,26.72
2022-04-28 17:19:33,Stevinson Almond,22.39,35.54,1014.51,28.55,22.37
2022-04-28 17:04:35,Stevinson Almond,23.14,36.12,1014.64,27.38,23.01
2022-04-28 16:50:23,Stevinson Almond,23.24,38.2,1014.73,26.64,21.83
2022-04-28 16:37:07,Stevinson Almond,23.09,34.58,1014.8,26.05,19.66
2022-04-28 16:20:45,Stevinson Almond,23.08,35.95,1014.83,25.81,24.19
2022-04-28 16:07:17,Stevinson Almond,23.28,36,1014.78,26.22,20.59
2022-04-28 15:51:36,Stevinson Almond,24.03,32.98,1014.83,25.81,24.93
2022-04-28 15:38:42,Stevinson Almond,23.83,33.25,1014.78,26.14,19.51
2022-04-28 15:22:55,Stevinson Almond,23.66,35.59,1014.88,25.47,22.81
2022-04-28 15:08:42,Stevinson Almond,24.77,32.93,1014.95,24.81,21.17
2022-04-28 14:54:51,Stevinson Almond,24.76,33.45,1015.05,23.89,18.97
2022-04-28 14:39:21,Stevinson Almond,25.81,31.33,1014.97,24.56,22.02
2022-04-28 14:26:04,Stevinson Almond,25.25,31.69,1015.03,24.14,18.33
2022-04-28 14:10:13,Stevinson Almond,25.27,32.88,1015.14,23.31,23.29
2022-04-28 13:56:56,Stevinson Almond,24.89,33.58,1015.16,23.06,18.71
2022-04-28 13:42:05,Stevinson Almond,24.65,34.32,1015.26,22.32,19.35
2022-04-28 13:27:16,Stevinson Almond,24.42,34.7,1015.39,21.24,20.25
2022-04-28 13:13:44,Stevinson Almond,23.79,34.03,1015.56,19.74,17.74
2022-04-28 12:58:03,Stevinson Almond,24.48,33.24,1015.59,19.49,20.98
2022-04-28 12:44:32,Stevinson Almond,23.3,36.7,1015.63,19.16,18.05
2022-04-28 12:28:50,Stevinson Almond,22.86,33.15,1015.73,18.41,22.78
2022-04-28 12:15:13,Stevinson Almond,24.92,31.64,1015.9,16.92,18.32
2022-04-28 12:01:14,Stevinson Almond,24.76,31.75,1015.95,16.59,16.9
2022-04-28 11:45:42,Stevinson Almond,23.54,33.93,1015.99,16.17,20.59
2022-04-28 11:31:52,Stevinson Almond,23.98,33.56,1015.92,16.67,18.61
2022-04-28 11:16:26,Stevinson Almond,21.56,38.83,1015.98,16.26,23.95
2022-04-28 11:02:47,Stevinson Almond,22.11,35.95,1015.93,16.67,20.27
2022-04-28 10:47:32,Stevinson Almond,22.71,37.95,1016.03,15.76,23.63
2022-04-28 10:19:29,Stevinson Almond,18.98,45.89,1015.78,17.92,21.26
2022-04-28 10:04:13,Stevinson Almond,18.97,43.98,1015.8,17.75,24.23
2022-04-28 09:50:58,Stevinson Almond,18.04,47.46,1015.8,17.92,19.12
2022-04-28 09:35:12,Stevinson Almond,18.08,48.52,1015.69,18.75,22.13
2022-04-28 09:22:03,Stevinson Almond,18.44,48.09,1015.65,18.91,16.68
2022-04-28 09:06:38,Stevinson Almond,17.98,53.93,1015.65,19.08,18.63
2022-04-28 08:52:28,Stevinson Almond,14.51,63.13,1015.48,20.41,18.84
2022-04-28 08:37:48,Stevinson Almond,13.36,68.08,1015.46,20.57,20.19
2022-04-28 08:22:57,Stevinson Almond,12.73,70.99,1015.29,21.98,23.77
2022-04-28 08:09:52,Stevinson Almond,11.67,76.16,1015.22,22.57,20.75
2022-04-28 07:54:16,Stevinson Almond,10.5,82.1,1015.08,23.73,27.38
2022-04-28 07:40:16,Stevinson Almond,9.04,86.86,1014.94,24.97,27.96
2022-04-28 07:26:00,Stevinson Almond,7.63,91.45,1014.7,26.89,29.69
2022-04-28 07:10:51,Stevinson Almond,6.91,93.7,1014.68,27.13,34.5
2022-04-28 06:57:37,Stevinson Almond,6.29,94.79,1014.37,29.63,29.88
2022-04-28 06:42:15,Stevinson Almond,5.94,93.71,1014.32,30.04,33.72
2022-04-28 06:28:20,Stevinson Almond,5.64,93.69,1014.16,31.37,31.75
2022-04-28 06:13:11,Stevinson Almond,5.73,92.43,1013.9,33.53,35.31
2022-04-28 05:59:15,Stevinson Almond,5.86,92.72,1013.87,33.62,32.82
2022-04-28 05:45:18,Stevinson Almond,5.98,92.91,1013.87,33.87,31.33
2022-04-28 05:29:56,Stevinson Almond,6.18,91.35,1013.83,34.03,36.01
2022-04-28 05:17:08,Stevinson Almond,6.19,92.65,1013.88,33.78,29.5
2022-04-28 05:01:07,Stevinson Almond,6.27,91.44,1013.85,33.95,35.02
2022-04-28 04:47:11,Stevinson Almond,6.65,91.2,1013.75,34.78,31.66
2022-04-28 04:33:52,Stevinson Almond,6.68,92.64,1013.74,34.95,27.76
2022-04-28 04:17:56,Stevinson Almond,6.67,90.68,1013.65,35.61,33.35
2022-04-28 04:03:27,Stevinson Almond,7.17,89.78,1013.5,36.86,32.85
2022-04-28 03:49:02,Stevinson Almond,7.41,88.53,1013.5,36.86,32.32
2022-04-28 03:36:12,Stevinson Almond,7.66,88.79,1013.55,36.44,25.73
2022-04-28 03:20:40,Stevinson Almond,8,87.7,1013.39,37.78,28.69
2022-04-28 03:06:32,Stevinson Almond,8.31,85.89,1013.32,38.44,27.43
2022-04-28 02:52:26,Stevinson Almond,8.55,84.96,1012.97,41.19,26.41
2022-04-28 02:36:56,Stevinson Almond,8.75,82.09,1013.07,40.35,31.49
2022-04-28 02:23:38,Stevinson Almond,8.76,81.65,1013.18,39.52,26.78
2022-04-28 02:08:06,Stevinson Almond,9.16,84.46,1013.31,38.36,31
2022-04-28 01:54:05,Stevinson Almond,9.38,84.58,1013.27,38.77,28.42
2022-04-28 01:39:57,Stevinson Almond,9.57,83.31,1013.19,39.44,27.38
2022-04-28 01:25:05,Stevinson Almond,9.64,82.68,1013.31,38.36,29.44
2022-04-28 00:56:00,Stevinson Almond,9.96,81.6,1012.95,41.44,31.3
2022-04-28 00:42:42,Stevinson Almond,10.07,80.18,1012.96,41.44,26.66
2022-04-28 00:28:14,Stevinson Almond,10.47,74.31,1012.85,42.35,27.56
2022-04-28 00:13:32,Stevinson Almond,10.82,73.21,1012.65,43.85,28.63
2022-04-27 23:58:53,Stevinson Almond,10.87,72.47,1012.66,43.85,29.19
2022-04-27 23:43:59,Stevinson Almond,11.11,73.94,1012.62,44.1,30.84
2022-04-27 23:30:37,Stevinson Almond,11.07,71.35,1012.51,45.01,27.15
2022-04-27 23:14:59,Stevinson Almond,11.5,68.88,1012.48,45.43,31.49
2022-04-27 23:01:47,Stevinson Almond,11.57,69.2,1012.3,46.85,26.4
2022-04-27 22:32:04,Stevinson Almond,12.07,68.19,1012.25,47.34,28.5
2022-04-27 22:18:51,Stevinson Almond,12.43,64.92,1012.22,47.51,24.53
2022-04-27 22:02:53,Stevinson Almond,12.74,61.84,1012.23,47.43,29.79
2022-04-27 21:49:20,Stevinson Almond,13.16,61.7,1012.24,47.34,25.59
2022-04-27 21:33:57,Stevinson Almond,13.72,61.02,1012.2,47.68,29.46
2022-04-27 21:20:26,Stevinson Almond,13.92,56.28,1012.15,48.18,25.89
2022-04-27 21:05:49,Stevinson Almond,13.92,56.86,1011.87,50.34,26.12
2022-04-27 20:50:38,Stevinson Almond,14.23,63.36,1011.7,51.84,28.42
2022-04-27 20:36:18,Stevinson Almond,15.18,62.24,1011.51,53.42,26.94
2022-04-27 20:21:44,Stevinson Almond,16.2,55.35,1011.31,55.09,27.45
2022-04-27 20:08:04,Stevinson Almond,17.21,56.2,1011.19,56.09,23.24
2022-04-27 19:53:42,Stevinson Almond,18.17,52.4,1011.02,57.51,22.71
2022-04-27 19:38:52,Stevinson Almond,19.35,47.18,1011.04,57.42,23.76
2022-04-27 19:25:06,Stevinson Almond,20.41,44.28,1010.94,58.09,21.06
2022-04-27 19:09:27,Stevinson Almond,21.24,38.61,1010.86,58.84,26.05
2022-04-27 18:56:10,Stevinson Almond,21.96,38.66,1010.86,58.84,21.7
2022-04-27 18:40:30,Stevinson Almond,22.73,35.66,1010.79,59.42,27.17
2022-04-27 18:26:08,Stevinson Almond,23.65,34.04,1010.86,58.84,27.08
2022-04-27 18:12:03,Stevinson Almond,24.13,31.8,1010.87,58.84,25.76
2022-04-27 17:57:21,Stevinson Almond,24.8,32.54,1010.9,58.59,26.3
2022-04-27 17:43:25,Stevinson Almond,26.39,30.06,1010.91,58.34,23.72
2022-04-27 17:28:20,Stevinson Almond,26.97,27.8,1010.94,58.17,26.03
2022-04-27 17:14:19,Stevinson Almond,26.18,27.74,1010.99,57.84,24.3
2022-04-27 16:45:47,Stevinson Almond,26.47,30.22,1011.1,56.92,21.74
2022-04-27 16:31:03,Stevinson Almond,26.56,30.64,1011.23,55.67,22.25
2022-04-27 16:15:36,Stevinson Almond,26.48,29.15,1011.3,55.17,26.21
2022-04-27 16:02:23,Stevinson Almond,26.77,27.89,1011.37,54.67,21.34
2022-04-27 15:46:45,Stevinson Almond,26.85,27.5,1011.48,53.59,25
2022-04-27 15:33:05,Stevinson Almond,26.98,31.79,1011.57,52.92,20.98
2022-04-27 15:17:52,Stevinson Almond,26.92,29.18,1011.77,51.34,23.87
2022-04-27 15:03:50,Stevinson Almond,26.8,29.16,1011.96,49.68,21.63
2022-04-27 14:34:07,Stevinson Almond,27.72,28.41,1012.31,46.68,24.37
2022-04-27 14:20:39,Stevinson Almond,27.39,30.67,1012.42,45.93,19.88
2022-04-27 14:05:07,Stevinson Almond,26.73,31.59,1012.59,44.51,24.17
2022-04-27 13:51:11,Stevinson Almond,26.22,34.03,1012.69,43.52,21.54
2022-04-27 13:36:08,Stevinson Almond,26.17,31.52,1012.89,42.02,24.89
2022-04-27 13:22:18,Stevinson Almond,25.53,32.92,1013.03,40.85,22.23
2022-04-27 13:08:10,Stevinson Almond,25.07,29.72,1013.24,39.02,21.63
2022-04-27 12:52:40,Stevinson Almond,24.57,31.44,1013.45,37.28,25.67
2022-04-27 12:39:45,Stevinson Almond,24.94,33.2,1013.57,36.28,19.49
2022-04-27 12:23:42,Stevinson Almond,24.02,30.68,1013.7,35.2,25.73
2022-04-27 12:10:04,Stevinson Almond,24.79,33.72,1013.86,33.7,21.17
2022-04-27 11:55:45,Stevinson Almond,23.7,33.37,1013.93,33.37,21.06
2022-04-27 11:40:44,Stevinson Almond,23.4,35.73,1014.03,32.45,22.56
2022-04-27 11:26:01,Stevinson Almond,23.22,35.99,1014.07,32.29,23.77
2022-04-27 11:11:18,Stevinson Almond,22.52,40.09,1014.05,32.29,24.91
2022-04-27 10:57:52,Stevinson Almond,21.49,39.86,1013.96,33.2,20.85
2022-04-27 10:42:22,Stevinson Almond,21.5,41.91,1013.8,34.45,23.95
2022-04-27 10:28:07,Stevinson Almond,19.85,47.11,1013.7,35.28,21.92
2022-04-27 10:14:02,Stevinson Almond,19.01,50.36,1013.68,35.36,20.45
2022-04-27 09:58:59,Stevinson Almond,18.42,51.38,1013.8,34.37,23.14
2022-04-27 09:45:40,Stevinson Almond,18.19,54.16,1013.78,34.53,18.76
2022-04-27 09:30:04,Stevinson Almond,18.12,55.3,1013.83,34.12,23.24
2022-04-27 09:16:05,Stevinson Almond,18.34,56.12,1013.81,34.12,21.21
2022-04-27 09:01:24,Stevinson Almond,15.82,67.47,1013.77,34.62,23.5
2022-04-27 08:46:59,Stevinson Almond,13.46,76.18,1013.7,35.11,25.27
2022-04-27 08:32:56,Stevinson Almond,12.65,78.2,1013.61,35.86,25.33
2022-04-27 08:18:02,Stevinson Almond,11.47,83.74,1013.46,37.19,29.35
2022-04-27 08:03:35,Stevinson Almond,10.34,89,1013.35,38.11,31.56
2022-04-27 07:49:01,Stevinson Almond,9.4,93.88,1013.27,38.69,33.67
2022-04-27 07:34:59,Stevinson Almond,8.19,95.94,1013.24,39.11,33.11
2022-04-27 07:21:10,Stevinson Almond,7.2,96.76,1013.13,39.85,32.12
2022-04-27 07:05:46,Stevinson Almond,6.57,95.66,1012.93,41.69,37.06
2022-04-27 06:52:51,Stevinson Almond,6,96.76,1012.91,41.77,32.14
2022-04-27 06:36:56,Stevinson Almond,5.81,95.78,1012.77,42.93,37.69
2022-04-27 06:23:14,Stevinson Almond,5.63,96.14,1012.73,43.27,34.5
2022-04-27 06:08:24,Stevinson Almond,5.65,94.74,1012.6,44.35,36.26
2022-04-27 05:54:30,Stevinson Almond,5.91,95.77,1012.42,45.85,33.94
2022-04-27 05:24:52,Stevinson Almond,5.98,93.2,1012.41,45.93,36.87
2022-04-27 05:11:22,Stevinson Almond,6.3,93.05,1012.22,47.51,32.77
2022-04-27 04:56:40,Stevinson Almond,6.57,93.25,1012.22,47.43,33.08
2022-04-27 04:42:26,Stevinson Almond,6.83,94.06,1012.49,45.26,32.05
2022-04-27 04:28:26,Stevinson Almond,6.6,94.11,1012.46,45.51,30.98
2022-04-27 04:13:03,Stevinson Almond,6.74,92.67,1012.29,46.85,34.3
2022-04-27 03:59:16,Stevinson Almond,6.85,93.16,1012.23,47.34,32.24
2022-04-27 03:43:58,Stevinson Almond,7.14,92.16,1012.23,47.51,36.2
2022-04-27 03:30:21,Stevinson Almond,7.17,93.1,1012.12,48.34,32.98
2022-04-27 03:15:08,Stevinson Almond,7.56,91.38,1012.32,46.76,35.92
2022-04-27 03:01:37,Stevinson Almond,7.82,91.52,1012.37,46.35,31.92
2022-04-27 02:47:45,Stevinson Almond,7.88,91.99,1012.27,47.09,30
2022-04-27 02:31:52,Stevinson Almond,8.41,89.7,1012.04,48.93,34.44
2022-04-27 02:18:54,Stevinson Almond,8.48,91.69,1012.24,47.43,29.13
2022-04-27 02:03:02,Stevinson Almond,8.71,89.49,1012.26,47.18,33.88
2022-04-27 01:49:45,Stevinson Almond,8.94,91.18,1012.38,46.18,29.05
2022-04-27 01:20:04,Stevinson Almond,9.05,88.19,1012.16,47.93,31.97
2022-04-27 01:05:52,Stevinson Almond,9.17,87.55,1012.11,48.43,30.91
2022-04-27 00:50:59,Stevinson Almond,9.58,85.38,1011.96,49.68,32.62
2022-04-27 00:37:43,Stevinson Almond,9.92,83.27,1011.76,51.34,28.59
2022-04-27 00:22:51,Stevinson Almond,10.15,83.36,1011.86,50.51,29.64
2022-04-27 00:08:17,Stevinson Almond,10.34,82.65,1011.9,50.18,30.09
2022-04-26 23:54:05,Stevinson Almond,10.42,82.7,1011.66,52.09,29.07
2022-04-26 23:38:54,Stevinson Almond,10.68,81.42,1011.65,52.26,31.52
2022-04-26 23:25:37,Stevinson Almond,10.97,83.14,1011.74,51.59,27.47
2022-04-26 23:09:56,Stevinson Almond,11.23,80.94,1011.82,50.84,31.47
2022-04-26 22:55:43,Stevinson Almond,11.57,80.53,1011.55,53.09,29.9
2022-04-26 22:41:26,Stevinson Almond,11.83,79.11,1011.47,53.76,28.75
2022-04-26 22:27:00,Stevinson Almond,12.28,76.32,1011.62,52.51,28.4
2022-04-26 22:12:51,Stevinson Almond,12.77,75.21,1011.59,52.84,26.65
2022-04-26 21:57:55,Stevinson Almond,13,67,1011.49,53.59,29.09
2022-04-26 21:43:41,Stevinson Almond,12.97,68.34,1011.5,53.51,28.09
2022-04-26 21:29:01,Stevinson Almond,13.36,67.75,1011.35,54.67,29.56
2022-04-26 21:15:13,Stevinson Almond,13.69,72.44,1011.3,55.17,27.22
2022-04-26 21:00:49,Stevinson Almond,14.2,70.99,1011.04,57.26,26.63
2022-04-26 20:45:43,Stevinson Almond,14.87,68.63,1010.89,58.51,28.48
2022-04-26 20:31:52,Stevinson Almond,15.46,64.7,1010.83,59.09,26.15
2022-04-26 20:16:41,Stevinson Almond,16.16,62.1,1010.74,59.76,28.71
2022-04-26 20:02:36,Stevinson Almond,17.1,58.65,1010.55,61.42,26.8
2022-04-26 19:47:47,Stevinson Almond,18.35,54.84,1010.47,62.09,27.87
2022-04-26 19:33:54,Stevinson Almond,19.57,49.27,1010.4,62.67,24.92
2022-04-26 19:19:47,Stevinson Almond,20.52,49.74,1010.4,62.59,22.86
2022-04-26 19:04:23,Stevinson Almond,21.27,46.37,1010.44,62.42,26.6
2022-04-26 18:51:11,Stevinson Almond,21.85,43.44,1010.41,62.67,22.16
2022-04-26 18:35:42,Stevinson Almond,22.41,41.02,1010.48,62.01,25.54
2022-04-26 18:21:41,Stevinson Almond,23.04,41.56,1010.6,60.92,23.42
2022-04-26 18:07:20,Stevinson Almond,23.51,40.15,1010.52,61.67,23.29
2022-04-26 17:52:07,Stevinson Almond,23.92,37.91,1010.51,61.84,26.08
2022-04-26 17:38:25,Stevinson Almond,25,34.07,1010.52,61.59,23.8
2022-04-26 17:23:02,Stevinson Almond,25.32,33.86,1010.48,62.09,26.46
2022-04-26 17:09:27,Stevinson Almond,25.43,34.21,1010.55,61.42,23.08
2022-04-26 16:54:03,Stevinson Almond,25.55,33.05,1010.59,61.09,26.23
2022-04-26 16:40:06,Stevinson Almond,25.7,34.62,1010.58,61.26,23.84
2022-04-26 16:25:50,Stevinson Almond,25.95,31.81,1010.73,60.01,23.5
2022-04-26 16:10:35,Stevinson Almond,26.13,32.79,1010.81,59.26,25.47
2022-04-26 15:57:03,Stevinson Almond,26.49,33.28,1010.95,58.09,22.11
2022-04-26 15:41:35,Stevinson Almond,26.56,31.86,1011.05,57.34,24.83
2022-04-26 15:27:43,Stevinson Almond,26.24,35.62,1011.2,56.09,22.16
2022-04-26 15:12:44,Stevinson Almond,26.48,32.29,1011.3,55.09,23.08
2022-04-26 14:58:38,Stevinson Almond,26.95,32.04,1011.47,53.84,21.61
2022-04-26 14:44:16,Stevinson Almond,27.02,32.95,1011.59,52.84,20.69
2022-04-26 14:29:17,Stevinson Almond,27.2,32.45,1011.66,52.34,21.58
2022-04-26 14:15:31,Stevinson Almond,27.13,35.57,1011.73,51.76,19.05
2022-04-26 14:00:07,Stevinson Almond,26.21,38.03,1011.81,50.84,20.69
2022-04-26 13:45:37,Stevinson Almond,26.22,37.19,1011.88,50.34,20.17
2022-04-26 13:31:07,Stevinson Almond,25.84,38.32,1011.97,49.59,19.72
2022-04-26 13:17:22,Stevinson Almond,26.57,38.23,1012.03,49.09,17.39
2022-04-26 13:02:31,Stevinson Almond,26.52,36.46,1012.15,48.09,17.83
2022-04-26 12:47:38,Stevinson Almond,26.58,36.46,1012.33,46.6,18.38
2022-04-26 12:19:20,Stevinson Almond,25.99,35.92,1012.72,43.52,15.72
2022-04-26 12:04:36,Stevinson Almond,25.72,38.34,1012.93,41.69,15.37
2022-04-26 11:50:26,Stevinson Almond,24.42,39.39,1013.12,40.1,14.79
2022-04-26 11:35:18,Stevinson Almond,25.1,37.72,1013.15,39.85,15.35
2022-04-26 11:20:41,Stevinson Almond,23.98,40.59,1013.12,40.02,15.22
2022-04-26 11:06:13,Stevinson Almond,22.99,44.69,1012.8,42.1,14.91
2022-04-26 10:51:44,Stevinson Almond,23.1,43.55,1014.74,29.46,15.97